{"version":2,"customTemplates":[],"settings":{"appearanceTools":1,"color":{"duotone":[{"colors":["#012c56","#ffcb05"],"slug":"primary-and-secondary","name":"primary and secondary"},{"colors":["#012c56","#54585a"],"slug":"primary-and-dark","name":"primary and dark"},{"colors":["#012c56","#ffffff"],"slug":"primary-and-light","name":"primary and light"},{"colors":["#ffcb05","#54585a"],"slug":"secondary-and-dark","name":"secondary and dark"},{"colors":["#ffcb05","#ffffff"],"slug":"secondary-and-light","name":"secondary and light"},{"colors":["#54585a","#ffffff"],"slug":"dark-and-light","name":"dark and light"}],"gradients":[{"slug":"vertical-primary-to-secondary","name":"vertical primary to secondary","gradient":"linear-gradient(to bottom,var(--wp--preset--color--primary) 0%,var(--wp--preset--color--secondary) 100%)"},{"slug":"vertical-secondary-to-primary","name":"vertical secondary to primary","gradient":"linear-gradient(to bottom,var(--wp--preset--color--secondary) 0%,var(--wp--preset--color--primary) 100%)"},{"slug":"angle-primary-to-secondary","name":"angle primary to secondary","gradient":"linear-gradient(to bottom left,var(--wp--preset--color--primary) 0%,var(--wp--preset--color--secondary) 100%)"},{"slug":"angle-secondary-to-primary","name":"angle secondary to primary","gradient":"linear-gradient(to bottom left,var(--wp--preset--color--secondary) 0%,var(--wp--preset--color--primary) 100%)"},{"slug":"vertical-primary-to-dark","name":"vertical primary to dark","gradient":"linear-gradient(to bottom,var(--wp--preset--color--primary) 0%,var(--wp--preset--color--dark) 100%)"},{"slug":"vertical-dark-to-primary","name":"vertical dark to primary","gradient":"linear-gradient(to bottom,var(--wp--preset--color--dark) 0%,var(--wp--preset--color--primary) 100%)"},{"slug":"angle-primary-to-dark","name":"angle primary to dark","gradient":"linear-gradient(to bottom left,var(--wp--preset--color--primary) 0%,var(--wp--preset--color--dark) 100%)"},{"slug":"angle-dark-to-primary","name":"angle dark to primary","gradient":"linear-gradient(to bottom left,var(--wp--preset--color--dark) 0%,var(--wp--preset--color--primary) 100%)"},{"slug":"vertical-primary-to-light","name":"vertical primary to light","gradient":"linear-gradient(to bottom,var(--wp--preset--color--primary) 0%,var(--wp--preset--color--light) 100%)"},{"slug":"vertical-light-to-primary","name":"vertical light to primary","gradient":"linear-gradient(to bottom,var(--wp--preset--color--light) 0%,var(--wp--preset--color--primary) 100%)"},{"slug":"angle-primary-to-light","name":"angle primary to light","gradient":"linear-gradient(to bottom left,var(--wp--preset--color--primary) 0%,var(--wp--preset--color--light) 100%)"},{"slug":"angle-light-to-primary","name":"angle light to primary","gradient":"linear-gradient(to bottom left,var(--wp--preset--color--light) 0%,var(--wp--preset--color--primary) 100%)"},{"slug":"vertical-secondary-to-dark","name":"vertical secondary to dark","gradient":"linear-gradient(to bottom,var(--wp--preset--color--secondary) 0%,var(--wp--preset--color--dark) 100%)"},{"slug":"vertical-dark-to-secondary","name":"vertical dark to secondary","gradient":"linear-gradient(to bottom,var(--wp--preset--color--dark) 0%,var(--wp--preset--color--secondary) 100%)"},{"slug":"angle-secondary-to-dark","name":"angle secondary to dark","gradient":"linear-gradient(to bottom left,var(--wp--preset--color--secondary) 0%,var(--wp--preset--color--dark) 100%)"},{"slug":"angle-dark-to-secondary","name":"angle dark to secondary","gradient":"linear-gradient(to bottom left,var(--wp--preset--color--dark) 0%,var(--wp--preset--color--secondary) 100%)"},{"slug":"vertical-secondary-to-light","name":"vertical secondary to light","gradient":"linear-gradient(to bottom,var(--wp--preset--color--secondary) 0%,var(--wp--preset--color--light) 100%)"},{"slug":"vertical-light-to-secondary","name":"vertical light to secondary","gradient":"linear-gradient(to bottom,var(--wp--preset--color--light) 0%,var(--wp--preset--color--secondary) 100%)"},{"slug":"angle-secondary-to-light","name":"angle secondary to light","gradient":"linear-gradient(to bottom left,var(--wp--preset--color--secondary) 0%,var(--wp--preset--color--light) 100%)"},{"slug":"angle-light-to-secondary","name":"angle light to secondary","gradient":"linear-gradient(to bottom left,var(--wp--preset--color--light) 0%,var(--wp--preset--color--secondary) 100%)"},{"slug":"vertical-dark-to-light","name":"vertical dark to light","gradient":"linear-gradient(to bottom,var(--wp--preset--color--dark) 0%,var(--wp--preset--color--light) 100%)"},{"slug":"vertical-light-to-dark","name":"vertical light to dark","gradient":"linear-gradient(to bottom,var(--wp--preset--color--light) 0%,var(--wp--preset--color--dark) 100%)"},{"slug":"angle-dark-to-light","name":"angle dark to light","gradient":"linear-gradient(to bottom left,var(--wp--preset--color--dark) 0%,var(--wp--preset--color--light) 100%)"},{"slug":"angle-light-to-dark","name":"angle light to dark","gradient":"linear-gradient(to bottom left,var(--wp--preset--color--light) 0%,var(--wp--preset--color--dark) 100%)"}],"palette":[{"slug":"primary","color":"#012c56","name":"Primary"},{"slug":"secondary","color":"#ffcb05","name":"Secondary"},{"slug":"light","color":"#ffffff","name":"Light"},{"slug":"dark","color":"#54585a","name":"Dark"},{"slug":"foreground","color":"#54585a","name":"Foreground"},{"slug":"background","color":"#FFFFFF","name":"Background"}]},"custom":{"spacing":{"hero":{"verticalPadding":"var(--wp--custom--spacing--medium)","horizontalPadding":"var(--wp--custom--spacing--medium)","marginBottom":"var(--wp--custom--spacing--gap)"},"gap":"1.5rem","small":"max(1.25rem, 5vw)","medium":"clamp(2rem, 8vw, calc(4 * var(--wp--custom--spacing--gap)))","large":"clamp(4rem, 10vw, 8rem)","outer":"var(--wp--custom--spacing--small, 1.25rem)"},"font-size":{"huge":"clamp(2.25rem, 4vw, 2.75rem)","gigantic":"clamp(2.75rem, 6vw, 3.25rem)","colossal":"clamp(3.25rem, 8vw, 6.25rem)"},"typography":{"line-height":{"tiny":"1.15","small":"1.2","medium":"1.4","normal":"1.6"}},"radius":{"sharp":"0px","small":".5rem","medium":"1rem","large":"1.5rem","rounded":"999999999px"},"breakpoint":{"xs":"0px","sm":"576px","md":"768px","lg":"992px","xl":"1200px","xxl":"1400px"},"button":{"padding":{"top":"1em","right":"1em","bottom":"1em","left":"1em"},"radius":"var(--wp--custom--radius--sharp)","case":"standard","weight":"500"},"width":{"thin":"500px","content":"1280px","wide":"1280px","full":"100%"},"style":{"shadow":"4px 4px 20px rgba(0,0,0,.1)","opacity":".15","color":{"opposite":{"primary":"var(--wp--preset--color--secondary)","secondary":"var(--wp--preset--color--primary)","dark":"var(--wp--preset--color--light)","light":"var(--wp--preset--color--dark)","foreground":"var(--wp--preset--color--light)","background":"var(--wp--preset--color--0)"}}}},"spacing":{"units":["%","px","em","rem","vh","vw"]},"typography":{"dropCap":false,"fontFamilies":[{"fontFamily":"Arial,","name":"Arial","slug":"header"},{"fontFamily":"Playfair Display,","name":"Playfair Display","slug":"body"}],"fontSizes":[{"size":"1rem","slug":"small"},{"size":"1.563rem","slug":"medium"},{"size":"1.875rem","slug":"large"},{"size":"clamp(1.75rem, 3vw, 2.25rem)","slug":"x-large"}]},"layout":{"contentSize":"1280px","wideSize":"1280px"}},"styles":{"color":{"background":"var(--wp--preset--color--background)","text":"var(--wp--preset--color--foreground)"},"spacing":{"blockGap":"1.5rem"},"typography":{"fontFamily":"var(--wp--preset--font-family--body)","lineHeight":"var(--wp--custom--typography--line-height--normal)","fontSize":"var(--wp--preset--font-size--medium)"},"blocks":{"core\/button":{"border":{"radius":"var(--wp--custom--button--radius)"},"spacing":{"padding":{"top":"1em","right":"1em","bottom":"1em","left":"1em"}}}}},"templateParts":[]}